variants,time_sec,variants_per_sec,output_lines
100,0.048594,2058,100
500,0.036306,13772,500
1000,0.036877,27117,1000
5000,0.043705,114403,5000
10000,0.084400,118451,10000
50000,0.139200,359229,50000
100000,0.204406,489222,100000
